version:,1.2,fluorescence lines K series,,,,fluorescence lines L series,,,,,,,,,,,,fluorescence lines M series,,,,"yields, from Hubbell et al, 1994, table 8",,,,,absolute yields for subshells,,,,,,,,,,,,,,,,,,,,,,electron binding energies,,,,,,,,,,,,,,,,,,,,,,,,jump factors,,,,,,,,,,,,,,,,
aprrox intensity,-,100%,50%,15%,5%,100%,10%,50%,20%,6%,4%,10%,1%,3%,<1%,3%,1%,,,,,"note, erratum Hubbell et al 2004",,,,,100%,50%,15%,5%,100%,10%,50%,20%,6%,4%,10%,1%,3%,<1%,3%,1%,,,,,,,,,,,,,,,,,,,,,,,,,,,,,,,,,,,,,,,,,,,,,,,
transition,-,K-L3,K-L2,"K-M2,M3","K-N2,3",L3-M5,L3-M4,L2-M4,L3-N5,L1-M3,L1-M2,L2-N4,L1-N2,L1-N3,L1-O3,L3-M1,L2-M1,M5-N7,M5-N6,M4-N6,M3-N5,assume W_l1=l2=l3,,,,,K-L3,K-L2,"K-M2,3","K-N2,3",L3-M5,L3-M4,L2-M4,L3-N5,L1-M3,L1-M2,L2-N4,L1-N2,L1-N3,L1-O3,L3-M1,L2-M1,M5-N7,M5-N6,M4-N6,M3-N5,,,K,L-I,L-II,L-III,M-I,M-II,M-III,M-IV,M-V,N-I,N-II,N-III,N-IV,N-V,N-VI,N-VII,O-I,O-II,O-III,O-IV,O-V,P-I,P-II,P-III,,,,,,,,,,,,,,,,,
Z,Symbol,Ka1,Ka2,"Kb1,3",Kb2,La1,La2,Lb1,Lb2,Lb3,Lb4,Lg1,Lg2,Lg3,Lg4,Ll,Ln,Ma1,Ma2,Mb,Mg,w_K,W_L1,w_L2,w_L3,w_M,Ka1,Ka2,Kb1+3,Kb2,La1,La2,Lb1,Lb2,Lb3,Lb4,Lg1,Lg2,Lg3,Lg4,Ll,Ln,Ma1,Ma2,Mb,Mg,density g/cc,atomic mass [g/mol],1s,2s,2p1/2,2p3/2,3s,3p1/2,3p3/2,3d3/2,3d5/2,4s,4p1/2,4p3/2,4d3/2,4d5/2,4f5/2,4f7/2,5s,5p1/2,5p3/2,5d3/2,5d5/2,6s,6p1/2,6p3/2,K,L1,L2,L3,M1,M2,M3,M4,M5,N1,N2,N3,N4,N5,O1,O2,O3
1,H,0,0,0,0,0,0,0,0,0,0,0,0,0,0,0,0,0,0,0,0,0,0,0,0,0,0.0000,0.0000,0.0000,0.0000,0.0000,0.0000,0.0000,0.0000,0.0000,0.0000,0.0000,0.0000,0.0000,0.0000,0.0000,0.0000,0.0000,0.0000,0.0000,0.0000,0.00009,1.01,0.0136,0,0,0,0,0,0,0,0,0,0,0,0,0,0,0,0,0,0,0,0,0,0,0,1,0,0,0,0,0,0,0,0,0,0,0,0,0,0,0,0
2,He,0,0,0,0,0,0,0,0,0,0,0,0,0,0,0,0,0,0,0,0,0,0,0,0,0,0.0000,0.0000,0.0000,0.0000,0.0000,0.0000,0.0000,0.0000,0.0000,0.0000,0.0000,0.0000,0.0000,0.0000,0.0000,0.0000,0.0000,0.0000,0.0000,0.0000,0.00017,4,0.0246,0,0,0,0,0,0,0,0,0,0,0,0,0,0,0,0,0,0,0,0,0,0,0,1,0,0,0,0,0,0,0,0,0,0,0,0,0,0,0,0
3,Li,0.0543,0.0543,0,0,0,0,0,0,0,0,0,0,0,0,0,0,0,0,0,0,0,0,0,0,0,0.0000,0.0000,0.0000,0.0000,0.0000,0.0000,0.0000,0.0000,0.0000,0.0000,0.0000,0.0000,0.0000,0.0000,0.0000,0.0000,0.0000,0.0000,0.0000,0.0000,0.534,6.94,0.0547,0,0,0,0,0,0,0,0,0,0,0,0,0,0,0,0,0,0,0,0,0,0,0,1,1,0,0,0,0,0,0,0,0,0,0,0,0,0,0,0
4,Be,0.1085,0.1085,0,0,0,0,0,0,0,0,0,0,0,0,0,0,0,0,0,0,0.00045,0,0,0,0,0.0003,0.0002,0.0000,0.0000,0.0000,0.0000,0.0000,0.0000,0.0000,0.0000,0.0000,0.0000,0.0000,0.0000,0.0000,0.0000,0.0000,0.0000,0.0000,0.0000,1.8,9.01,0.1115,0,0,0,0,0,0,0,0,0,0,0,0,0,0,0,0,0,0,0,0,0,0,0,23.53,1,1,1,0,0,0,0,0,0,0,0,0,0,0,0,0
5,B,0.18505,0.18505,0,0,0,0,0,0,0,0,0,0,0,0,0,0,0,0,0,0,0.00101,0,0,0,0,0.0007,0.0003,0.0000,0.0000,0.0000,0.0000,0.0000,0.0000,0.0000,0.0000,0.0000,0.0000,0.0000,0.0000,0.0000,0.0000,0.0000,0.0000,0.0000,0.0000,2.5,10.81,0.188,0,0,0,0,0,0,0,0,0,0,0,0,0,0,0,0,0,0,0,0,0,0,0,21.7,1,1,1,0,0,0,0,0,0,0,0,0,0,0,0,0
6,C,0.28177,0.28177,0,0,0,0,0,0,0,0,0,0,0,0,0,0,0,0,0,0,0.00198,0,0,0,0,0.0013,0.0007,0.0000,0.0000,0.0000,0.0000,0.0000,0.0000,0.0000,0.0000,0.0000,0.0000,0.0000,0.0000,0.0000,0.0000,0.0000,0.0000,0.0000,0.0000,2.3,12.01,0.2842,0,0,0,0,0,0,0,0,0,0,0,0,0,0,0,0,0,0,0,0,0,0,0,19.02,1,1,1,0,0,0,0,0,0,0,0,0,0,0,0,0
7,N,0.3923,0.3923,0,0,0,0,0,0,0,0,0,0,0,0,0,0,0,0,0,0,0.00351,0,0,0,0,0.0023,0.0012,0.0000,0.0000,0.0000,0.0000,0.0000,0.0000,0.0000,0.0000,0.0000,0.0000,0.0000,0.0000,0.0000,0.0000,0.0000,0.0000,0.0000,0.0000,0.00117,14.01,0.4099,0.0373,0,0,0,0,0,0,0,0,0,0,0,0,0,0,0,0,0,0,0,0,0,0,17.44,1,1,1,0,0,0,0,0,0,0,0,0,0,0,0,0
8,O,0.52295,0.52295,0,0,0,0,0,0,0,0,0,0,0,0,0,0,0,0,0,0,0.00579,0,0,0,0,0.0039,0.0019,0.0000,0.0000,0.0000,0.0000,0.0000,0.0000,0.0000,0.0000,0.0000,0.0000,0.0000,0.0000,0.0000,0.0000,0.0000,0.0000,0.0000,0.0000,0.00133,16,0.5431,0.0416,0,0,0,0,0,0,0,0,0,0,0,0,0,0,0,0,0,0,0,0,0,0,15.4,1,1,1,0,0,0,0,0,0,0,0,0,0,0,0,0
9,F,0.67724,0.67724,0,0,0,0,0,0,0,0,0,0,0,0,0,0,0,0,0,0,0.00901,0,0,0,0,0.0060,0.0030,0.0000,0.0000,0.0000,0.0000,0.0000,0.0000,0.0000,0.0000,0.0000,0.0000,0.0000,0.0000,0.0000,0.0000,0.0000,0.0000,0.0000,0.0000,0.0017,19,0.6967,0,0,0,0,0,0,0,0,0,0,0,0,0,0,0,0,0,0,0,0,0,0,0,13.84,1,1,1,0,0,0,0,0,0,0,0,0,0,0,0,0
10,Ne,0.84831,0.84831,0.85741,0,0,0,0,0,0,0,0,0,0,0,0,0,0,0,0,0,0.0134,0,0,0,0,0.0089,0.0045,0.0000,0.0000,0.0000,0.0000,0.0000,0.0000,0.0000,0.0000,0.0000,0.0000,0.0000,0.0000,0.0000,0.0000,0.0000,0.0000,0.0000,0.0000,0.00084,20.18,0.8702,0.0485,0.0217,0.0216,0,0,0,0,0,0,0,0,0,0,0,0,0,0,0,0,0,0,0,0,13.61,1,1,1,0,0,0,0,0,0,0,0,0,0,0,0,0
11,Na,1.0411,1.0411,1.0672,0,0,0,0,0,0,0,0,0,0,0,0,0,0,0,0,0,0.021332385,0.000216714,0.000216714,0.000216714,0,0.0142,0.0071,0.0000,0.0000,0.0000,0.0000,0.0000,0.0000,0.0000,0.0000,0.0000,0.0000,0.0000,0.0000,0.0000,0.0000,0.0000,0.0000,0.0000,0.0000,0.97,22.99,1.0708,0.0635,0.0304,0.0305,0,0,0,0,0,0,0,0,0,0,0,0,0,0,0,0,0,0,0,0,11.84,1,1,1,0,0,0,0,0,0,0,0,0,0,0,0,0
12,Mg,1.2537,1.2537,1.2955,0,0,0,0,0,0,0,0,0,0,0,0,0,0,0,0,0,0.029108403,0.000303939,0.000303939,0.000303939,0,0.0194,0.0097,0.0000,0.0000,0.0000,0.0000,0.0000,0.0000,0.0000,0.0000,0.0000,0.0000,0.0000,0.0000,0.0000,0.0000,0.0000,0.0000,0.0000,0.0000,1.741,24.31,1.303,0.0886,0.0496,0.04921,0,0,0,0,0,0,0,0,0,0,0,0,0,0,0,0,0,0,0,0,12.02,1,1,1,1,1,1,0,0,0,0,0,0,0,0,0,0
13,Al,1.4869,1.4865,1.553,0,0,0,0,0,0,0,0,0,0,0,0,0,0,0,0,0,0.038724724,0.000414879,0.000414879,0.000414879,0,0.0256,0.0128,0.0003,0.0000,0.0000,0.0000,0.0000,0.0000,0.0000,0.0000,0.0000,0.0000,0.0000,0.0000,0.0000,0.0000,0.0000,0.0000,0.0000,0.0000,2.7,26.98,1.559,0.1178,0.0729,0.0725,0,0,0,0,0,0,0,0,0,0,0,0,0,0,0,0,0,0,0,0,10.95,1.08901,1,1,1,1,1,0,0,0,0,0,0,0,0,0,0
14,Si,1.74,1.739,1.829,0,0,0,0,0,0,0,0,0,0,0,0,0,0,0,0,0,0.050373344,0.000553396,0.000553396,0.000553396,0,0.0331,0.0166,0.0007,0.0000,0.0000,0.0000,0.0000,0.0000,0.0000,0.0000,0.0000,0.0000,0.0000,0.0000,0.0000,0.0000,0.0000,0.0000,0.0000,0.0000,2.3,28.09,1.839,0.1497,0.0998,0.0992,0,0,0,0,0,0,0,0,0,0,0,0,0,0,0,0,0,0,0,0,10.37,1.09471,1,1,1,1,1,0,0,0,0,0,0,0,0,0,0
15,P,2.013,2.012,2.136,0,0,0,0,0,0,0,0,0,0,0,0,0,0,0,0,0,0.064216777,0.000723627,0.000723627,0.000723627,0,0.0420,0.0210,0.0013,0.0000,0.0000,0.0000,0.0000,0.0000,0.0000,0.0000,0.0000,0.0000,0.0000,0.0000,0.0000,0.0000,0.0000,0.0000,0.0000,0.0000,1.82,30.97,2.1455,0.189,0.136,0.135,0,0,0,0,0,0,0,0,0,0,0,0,0,0,0,0,0,0,0,0,9.969,1.09965,1,6.19,1,1,1,0,0,0,0,0,0,0,0,0,0
16,S,2.307,2.306,2.464,0,0,0,0,0,0,0,0,0,0,0,0.14866,0.14866,0,0,0,0,0.080376951,0.00092998,0.00092998,0.00092998,0,0.0519,0.0259,0.0026,0.0000,0.0000,0.0000,0.0000,0.0000,0.0000,0.0000,0.0000,0.0000,0.0000,0.0000,0.0000,0.0000,0.0000,0.0000,0.0000,0.0000,2.07,32.06,2.472,0.2309,0.1636,0.1625,0,0,0,0,0,0,0,0,0,0,0,0,0,0,0,0,0,0,0,0,9.613,1.10397,1.4,5.546,1,1,1,0,0,0,0,0,0,0,0,0,0
17,Cl,2.622,2.62,2.815,0,0,0,0,0,0,0,0,0,0,0,0.18276,0.18436,0,0,0,0,0.098924885,0.001177131,0.001177131,0.001177131,0,0.0634,0.0317,0.0038,0.0000,0.0000,0.0000,0.0000,0.0000,0.0000,0.0000,0.0000,0.0000,0.0000,0.0000,0.0000,0.0000,0.0000,0.0000,0.0000,0.0000,1.56,35.45,2.822,0.27,0.202,0.2,0,0,0,0,0,0,0,0,0,0,0,0,0,0,0,0,0,0,0,0,9.309,1.10778,1.4,4.646,1,1,1,0,0,0,0,0,0,0,0,0,0
18,Ar,2.957,2.955,3.19,0,0,0,0,0,0,0,0,0,0,0,0.22055,0.21822,0,0,0,0,0.119872154,0.001470023,0.001470023,0.001470023,0,0.0754,0.0377,0.0068,0.0000,0.0000,0.0000,0.0000,0.0000,0.0000,0.0000,0.0000,0.0000,0.0000,0.0000,0.0000,0.0000,0.0000,0.0000,0.0000,0.0000,0.00166,39.95,3.2059,0.3263,0.2506,0.2484,0.0293,0.0159,0.0157,0,0,0,0,0,0,0,0,0,0,0,0,0,0,0,0,0,9.054,1.11117,1.4,4.183,1,1,1,0,0,0,0,0,0,0,0,0,0
19,K,3.313,3.31,3.589,0,0,0,0,0,0,0,0,0,0,0,0.25918,0.26197,0,0,0,0,0.143165136,0.001813863,0.001813863,0.001813863,0,0.0895,0.0447,0.0089,0.0000,0.0000,0.0000,0.0000,0.0000,0.0000,0.0000,0.0000,0.0000,0.0000,0.0000,0.0000,0.0000,0.0000,0.0000,0.0000,0.0000,0.86,39.1,3.6084,0.3786,0.2973,0.2946,0.0348,0.0183,0.0183,0,0,0,0,0,0,0,0,0,0,0,0,0,0,0,0,0,9.163,1.11421,1.4,10.98,1,1,1,0,0,0,0,0,0,0,0,0,0
20,Ca,3.691,3.6869,4.0119,0,0.34067,0.34067,0.34418,0,0,0,0,0,0,0,0.30208,0.30581,0,0,0,0,0.168682873,0.002214123,0.002214123,0.002214123,0,0.1041,0.0526,0.0121,0.0000,0.0020,0.0002,0.0022,0.0000,0.0000,0.0000,0.0000,0.0000,0.0000,0.0000,0.0000,0.0000,0.0000,0.0000,0.0000,0.0000,1.54,40.08,4.0385,0.4384,0.3497,0.3462,0.0443,0.0254,0.0254,0,0,0,0,0,0,0,0,0,0,0,0,0,0,0,0,0,8.744,1.11694,1.4,5.811,1,1,1,0,0,0,0,0,0,0,0,0,0
21,Sc,4.09,4.085,4.4601,0,0.395,0.395,0.4,0,0.458,0.458,0,0,0,0,0.348,0.353,0,0,0,0,0.196239065,0.002676536,0.002676536,0.002676536,0,0.1203,0.0607,0.0152,0.0000,0.0024,0.0003,0.0027,0.0000,0.0027,0.0000,0.0000,0.0000,0.0000,0.0000,0.0000,0.0000,0.0000,0.0000,0.0000,0.0000,3,44.96,4.492,0.498,0.4036,0.3987,0.0511,0.0283,0.0283,0,0,0,0,0,0,0,0,0,0,0,0,0,0,0,0,0,8.551,1.1194,1.4,5.007,1,1,1,0,0,0,0,0,0,0,0,0,0
22,Ti,4.51,4.504,4.931,0,0.452,0.452,0.458,0,0.519,0.519,0,0,0,0,0.395,0.401,0,0,0,0,0.225588286,0.003207094,0.003207094,0.003207094,0,0.1374,0.0694,0.0188,0.0000,0.0021,0.0002,0.0032,0.0000,0.0032,0.0000,0.0000,0.0000,0.0000,0.0000,0.0009,0.0000,0.0000,0.0000,0.0000,0.0000,4.54,47.9,4.966,0.5609,0.4602,0.4538,0.0587,0.0326,0.0326,0,0,0,0,0,0,0,0,0,0,0,0,0,0,0,0,0,8.366,1.12165,1.4,4.592,1,1,1,1,1,0,0,0,0,0,0,0,0
23,V,4.9509,4.944,5.4261,0,0.511,0.511,0.519,0,0.585,0.585,0,0,0,0,0.446,0.453,0,0,0,0,0.256436028,0.00381205,0.00381205,0.00381205,0,0.1553,0.0784,0.0227,0.0000,0.0026,0.0003,0.0038,0.0000,0.0038,0.0000,0.0000,0.0000,0.0000,0.0000,0.0009,0.0000,0.0000,0.0000,0.0000,0.0000,6.1,50.94,5.465,0.6267,0.5198,0.5121,0.0663,0.0372,0.0372,0,0,0,0,0,0,0,0,0,0,0,0,0,0,0,0,0,8.242,1.1237,1.4,4.073,1,1,1,1,1,0,0,0,0,0,0,0,0
24,Cr,5.414,5.405,5.946,0,0.573,0.573,0.583,0,0.654,0.654,0,0,0,0,0.5,0.51,0,0,0,0,0.288451717,0.004497912,0.004497912,0.004497912,0,0.1737,0.0879,0.0269,0.0000,0.0033,0.0004,0.0045,0.0000,0.0045,0.0000,0.0000,0.0000,0.0000,0.0000,0.0009,0.0000,0.0000,0.0000,0.0000,0.0000,7.2,52,5.989,0.696,0.5838,0.5741,0.0741,0.0422,0.0422,0,0,0,0,0,0,0,0,0,0,0,0,0,0,0,0,0,8.045,1.12558,1.4,5,1,1,1,1,1,0,0,0,0,0,0,0,0
25,Mn,5.898,5.887,6.4891,0,0.637,0.637,0.649,0,0.721,0.721,0,0,0,0,0.556,0.567,0,0,0,0,0.32128355,0.005271446,0.005271446,0.005271446,0,0.1924,0.0974,0.0315,0.0000,0.0040,0.0004,0.0052,0.0000,0.0053,0.0000,0.0000,0.0000,0.0000,0.0000,0.0008,0.0001,0.0000,0.0000,0.0000,0.0000,7.44,54.94,6.539,0.7691,0.6499,0.6387,0.0823,0.0472,0.0472,0,0,0,0,0,0,0,0,0,0,0,0,0,0,0,0,0,7.999,1.12731,1.4,3.306,1,1,1,1,1,0,0,0,0,0,0,0,0
26,Fe,6.403,6.3901,7.0568,0,0.705,0.705,0.718,0,0.792,0.792,0,0,0,0,0.615,0.62799,0,0,0,0,0.354573808,0.006139672,0.006139672,0.006139672,0,0.2113,0.1069,0.0363,0.0000,0.0049,0.0005,0.0061,0.0000,0.0061,0.0000,0.0000,0.0000,0.0000,0.0000,0.0007,0.0001,0.0000,0.0000,0.0000,0.0000,7.87,55.85,7.112,0.8446,0.7199,0.7068,0.0913,0.0527,0.0527,0,0,0,0,0,0,0,0,0,0,0,0,0,0,0,0,0,7.893,1.1289,1.4,3.099,1,1,1,1,1,0,0,0,0,0,0,0,0
27,Co,6.929,6.914,7.648,0,0.776,0.776,0.791,0,0.866,0.866,0,0,0,0,0.678,0.69399,0,0,0,0,0.38797337,0.007109864,0.007109864,0.007109864,0,0.2300,0.1164,0.0415,0.0000,0.0057,0.0006,0.0070,0.0000,0.0071,0.0000,0.0000,0.0000,0.0000,0.0000,0.0007,0.0001,0.0000,0.0000,0.0000,0.0000,8.9,58.93,7.709,0.9251,0.7932,0.7781,0.101,0.0589,0.0599,0,0,0,0,0,0,0,0,0,0,0,0,0,0,0,0,0,7.796,1.13038,1.4,2.773,1.04,1,1,1,1,0,0,0,0,0,0,0,0
28,Ni,7.4768,7.4602,8.2632,8.3287,0.851,0.851,0.869,0,0.941,0.941,0,0,0,0,0.743,0.76199,0,0,0,0,0.42115435,0.008189548,0.008189548,0.008189548,0,0.2483,0.1259,0.0469,0.0000,0.0068,0.0007,0.0081,0.0000,0.0082,0.0000,0.0000,0.0000,0.0000,0.0000,0.0007,0.0001,0.0000,0.0000,0.0000,0.0000,8.9,58.71,8.333,1.0086,0.87,0.8527,0.1108,0.068,0.0662,0,0,0,0,0,0,0,0,0,0,0,0,0,0,0,0,0,7.707,1.13175,1.4,2.614,1.04,1,1,1,1,0,0,0,0,0,0,0,0
29,Cu,8.046,8.0262,8.9041,8.9777,0.93,0.93,0.95,0,1.023,1.023,0,0,0,0,0.811,0.83199,0,0,0,0,0.453820106,0.009386502,0.009386502,0.009386502,0,0.2664,0.1353,0.0521,0.0000,0.0078,0.0009,0.0093,0.0000,0.0094,0.0000,0.0000,0.0000,0.0000,0.0000,0.0007,0.0001,0.0000,0.0000,0.0000,0.0000,8.93,63.55,8.979,1.0967,0.9523,0.9327,0.1225,0.0773,0.0751,0,0,0,0,0,0,0,0,0,0,0,0,0,0,0,0,0,7.56,1.13303,1.4,3.135,1.04,1,1,1,1,0,0,0,0,0,0,0,0
30,Zn,8.6368,8.614,9.5701,9.6582,1.012,1.012,1.034,0,1.107,1.107,0,0,0,0,0.884,0.906,0,0,0,0,0.48571225,0.010708755,0.010708755,0.010708755,0,0.2839,0.1445,0.0573,0.0000,0.0090,0.0010,0.0095,0.0000,0.0107,0.0000,0.0000,0.0000,0.0000,0.0000,0.0007,0.0012,0.0000,0.0000,0.0000,0.0000,7.14,65.37,9.659,1.1962,1.0449,1.0218,0.1398,0.0914,0.0886,0.0102,0.0101,0,0,0,0,0,0,0,0,0,0,0,0,0,0,0,7.543,1.13422,1.4,2.455,1.04,1,1,1,1,1,1,0,0,0,0,0,0
31,Ga,9.2502,9.2227,10.263,10.365,1.098,1.098,1.125,0,1.197,1.197,0,0,1.279,0,0.957,0.98399,0,0,0,0,0.516614638,0.012164584,0.012164584,0.012164584,0,0.3006,0.1533,0.0627,0.0000,0.0103,0.0011,0.0109,0.0000,0.0118,0.0000,0.0000,0.0000,0.0004,0.0000,0.0007,0.0012,0.0000,0.0000,0.0000,0.0000,5.95,69.72,10.367,1.299,1.1432,1.1164,0.15951,0.1035,0.1,0.0187,0.0187,0,0,0,0,0,0,0,0,0,0,0,0,0,0,0,7.468,1.13534,1.4,2.959,1.04,1.058,1.11062,1,1,1,1,1,0,0,0,0,0
32,Ge,9.8853,9.8538,10.98,11.099,1.188,1.188,1.218,0,1.294,1.286,0,0,1.395,0,1.036,1.068,0,0,0,0,0.546354593,0.013762516,0.013762516,0.013762516,0,0.3165,0.1618,0.0681,0.0000,0.0118,0.0013,0.0125,0.0000,0.0134,0.0000,0.0000,0.0000,0.0004,0.0000,0.0007,0.0013,0.0000,0.0000,0.0000,0.0000,5.4,72.59,11.103,1.4146,1.2481,1.217,0.1801,0.1249,0.1208,0.0298,0.0292,0,0,0,0,0,0,0,0,0,0,0,0,0,0,0,7.392,1.13638,1.4,3.684,1.04,1.058,1.11304,1,1,1,1,1,0,0,0,0,0
33,As,10.542,10.506,11.724,11.862,1.282,1.282,1.317,0,1.388,1.388,0,0,1.516,0,1.12,1.155,0,0,0,0,0.574801835,0.015511325,0.015511325,0.015511325,0,0.3319,0.1699,0.0730,0.0000,0.0133,0.0015,0.0142,0.0000,0.0151,0.0000,0.0000,0.0000,0.0005,0.0000,0.0007,0.0014,0.0000,0.0000,0.0000,0.0000,5.73,74.92,11.867,1.527,1.3591,1.3236,0.2047,0.1462,0.1412,0.0417,0.0417,0,0,0,0,0,0,0,0,0,0,0,0,0,0,0,7.314,1.13737,1.4,4.156,1.04,1.058,1.11532,1,1,1,1,1,0,0,0,0,0
34,Se,11.22,11.179,12.494,12.65,1.379,1.379,1.419,0,1.49,1.49,0,0,1.642,0,1.204,1.244,0,0,0,0,0.601865643,0.017420032,0.017420032,0.017420032,0,0.3451,0.1770,0.0776,0.0021,0.0150,0.0017,0.0160,0.0000,0.0169,0.0000,0.0000,0.0000,0.0005,0.0000,0.0007,0.0014,0.0000,0.0000,0.0000,0.0000,4.81,78.96,12.658,1.652,1.4743,1.4339,0.2296,0.1665,0.1607,0.0555,0.0546,0,0,0,0,0,0,0,0,0,0,0,0,0,0,0,7.225,1.13829,1.4,4.431,1.04,1.058,1.11746,1,1,1,1,1,0,0,0,0,0
35,Br,11.922,11.876,13.288,13.467,1.48,1.48,1.526,0,1.596,1.596,0,0,1.773,0,1.293,1.339,0,0,0,0,0.627490838,0.019497904,0.019497904,0.019497904,0,0.3579,0.1839,0.0823,0.0034,0.0169,0.0019,0.0180,0.0000,0.0189,0.0000,0.0000,0.0000,0.0006,0.0000,0.0008,0.0015,0.0000,0.0000,0.0000,0.0000,3.1,79.9,13.474,1.782,1.596,1.55,0.257,0.189,0.182,0.07,0.069,0,0,0,0,0,0,0,0,0,0,0,0,0,0,0,7.141,1.13916,1.4,4.654,1.04,1.058,1.11949,1,1,1,1,1,0,0,0,0,0
36,Kr,12.649,12.596,14.11,14.312,1.586,1.586,1.636,0,1.706,1.697,0,0,1.909,0,1.385,1.438,0,0,0,0,0.651653076,0.021754452,0.021754452,0.021754452,0,0.3696,0.1904,0.0869,0.0048,0.0189,0.0021,0.0203,0.0000,0.0196,0.0000,0.0000,0.0000,0.0021,0.0000,0.0008,0.0015,0.0000,0.0000,0.0000,0.0000,0.00349,83.8,14.326,1.921,1.7309,1.6784,0.2928,0.2222,0.2144,0.095,0.0938,0.0275,0.0141,0.0141,0,0,0,0,0,0,0,0,0,0,0,0,7.058,1.13999,1.4,4.678,1.04,1.058,1.12139,1,1,1,1,1,0,0,0,0,0
37,Rb,13.393,13.333,14.959,15.185,1.694,1.692,1.752,0,1.826,1.817,0,2.0507,2.05,0,1.482,1.542,0,0,0,0,0.674353899,0.024199433,0.024199433,0.024199433,0,0.3802,0.1964,0.0911,0.0067,0.0210,0.0023,0.0227,0.0000,0.0213,0.0000,0.0000,0.0002,0.0027,0.0000,0.0009,0.0015,0.0000,0.0000,0.0000,0.0000,1.53,85.47,15.2,2.065,1.864,1.804,0.3267,0.2487,0.2391,0.113,0.112,0.0305,0.0163,0.0153,0,0,0,0,0,0,0,0,0,0,0,0,6.97,1.14076,1.4,3.987,1.04,1.058,1.1232,1.953,1.843,1,1,1,0,0,0,0,0
38,Sr,14.163,14.095,15.837,16.086,1.806,1.804,1.871,0,1.947,1.936,0,2.1965,2.196,0,1.582,1.649,0,0,0,0,0.69561587,0.026272078,0.026272078,0.026272078,0,0.3899,0.2020,0.0951,0.0086,0.0228,0.0025,0.0247,0.0000,0.0227,0.0000,0.0000,0.0002,0.0033,0.0000,0.0009,0.0015,0.0000,0.0000,0.0000,0.0000,2.6,87.62,16.105,2.216,2.007,1.94,0.3587,0.2803,0.27,0.136,0.1342,0.0389,0.0216,0.0201,0,0,0,0,0,0,0,0,0,0,0,0,6.888,1.1415,1.4,3.982,1.04,1.058,1.12491,1.139,1.808,1,1,1,0,0,0,0,0
39,Y,14.955,14.88,16.739,17.012,1.922,1.92,1.995,2.075,2.072,2.06,2.144,2.3468,2.346,0,1.685,1.761,0,0,0,0,0.715478015,0.028525542,0.028525542,0.028525542,0,0.3987,0.2069,0.0987,0.0112,0.0248,0.0027,0.0268,0.0000,0.0243,0.0000,0.0001,0.0002,0.0040,0.0000,0.0010,0.0015,0.0000,0.0000,0.0000,0.0000,4.6,88.91,17.038,2.373,2.156,2.08,0.392,0.3106,0.2988,0.1577,0.1558,0.0438,0.0244,0.0231,0,0,0,0,0,0,0,0,0,0,0,0,6.814,1.1422,1.4,3.909,1.04,1.058,1.12653,1.12,1.631,1,1,1,0,0,0,0,0
40,Zr,15.776,15.692,17.668,17.971,2.042,2.04,2.124,2.219,2.201,2.187,2.302,2.5029,2.502,0,1.792,1.876,0,0,0,0,0.733991729,0.030946427,0.030946427,0.030946427,0,0.4066,0.2115,0.1021,0.0138,0.0264,0.0029,0.0294,0.0006,0.0260,0.0000,0.0000,0.0003,0.0047,0.0000,0.0010,0.0015,0.0000,0.0000,0.0000,0.0000,6.5,91.22,17.998,2.532,2.307,2.223,0.4303,0.3435,0.3298,0.1811,0.1788,0.0506,0.0285,0.0271,0,0,0,0,0,0,0,0,0,0,0,0,6.749,1.14287,1.4,3.836,1.04,1.058,1.12808,1.159,1.565,1,1,1,0,0,0,0,0
41,Nb,16.617,16.522,18.623,18.954,2.166,2.163,2.257,2.367,2.334,2.319,2.461,2.6638,2.663,0,1.902,1.996,0,0,0,0.35524,0.75121721,0.033544005,0.033544005,0.033544005,0,0.4140,0.2159,0.1054,0.0159,0.0282,0.0031,0.0310,0.0012,0.0278,0.0000,0.0011,0.0003,0.0054,0.0000,0.0010,0.0015,0.0000,0.0000,0.0000,0.0000,8.57,92.91,18.986,2.698,2.465,2.371,0.4666,0.3761,0.3606,0.205,0.2023,0.0564,0.0326,0.0308,0,0,0,0,0,0,0,0,0,0,0,0,6.683,1.1435,1.4,3.75,1.04,1.058,1.12954,1.138,1.421,1,1,1,0,0,0,0,0
42,Mo,17.481,17.376,19.609,19.966,2.293,2.289,2.394,2.518,2.473,2.455,2.623,2.8306,2.8299,0,2.015,2.12,0,0,0,0.39074,0.767220448,0.036327728,0.036327728,0.036327728,0,0.4206,0.2200,0.1085,0.0181,0.0300,0.0033,0.0327,0.0019,0.0188,0.0134,0.0022,0.0002,0.0040,0.0000,0.0011,0.0014,0.0000,0.0000,0.0000,0.0000,10.2,95.94,20,2.866,2.625,2.52,0.5063,0.4116,0.394,0.2311,0.2279,0.0632,0.0376,0.0355,0,0,0,0,0,0,0,0,0,0,0,0,6.539,1.1441,1.4,3.674,1.04,1.058,1.13094,1.095,1.302,1,1,1,0,0,0,0,0
43,Tc,18.368,18.251,20.619,21.007,2.424,2.419,2.536,2.674,2.615,2.596,2.79,0,3.002,0,2.131,2.249,0,0,0,0.42602,0.782070745,0.039307193,0.039307193,0.039307193,0,0.4271,0.2240,0.1115,0.0194,0.0321,0.0035,0.0349,0.0026,0.0206,0.0140,0.0030,0.0002,0.0046,0.0000,0.0012,0.0014,0.0000,0.0000,0.0000,0.0000,11.4,98.91,21.044,3.043,2.793,2.677,0.544,0.4476,0.4177,0.2576,0.2539,0.0695,0.0423,0.0399,0,0,0,0,0,0,0,0,0,0,0,0,6.561,1.14468,1.4,3.594,1.04,1.058,1.13227,1.136,1.321,1,1,1,0,0,0,0,0
44,Ru,19.282,19.15,21.658,22.075,2.558,2.554,2.683,2.835,2.763,2.741,2.9645,3.1809,3.18,0,2.252,2.382,0,0,0,0.46089,0.795838719,0.042492104,0.042492104,0.042492104,0,0.4330,0.2278,0.1143,0.0208,0.0342,0.0038,0.0372,0.0033,0.0224,0.0146,0.0039,0.0002,0.0053,0.0000,0.0012,0.0014,0.0000,0.0000,0.0000,0.0000,12.4,101.07,22.117,3.224,2.967,2.838,0.5861,0.4833,0.4615,0.2842,0.28,0.075,0.0463,0.0432,0,0,0,0,0,0,0,0,0,0,0,0,6.503,1.14523,1.4,3.518,1.04,1.058,1.13354,1.079,1.193,1,1,1,0,0,0,0,0
45,Rh,20.217,20.073,22.724,23.171,2.696,2.692,2.834,3.001,2.915,2.89,3.1438,3.364,3.363,0,2.376,2.519,0,0,0,0.49572,0.80859476,0.045892227,0.045892227,0.045892227,0,0.4386,0.2312,0.1171,0.0217,0.0366,0.0040,0.0398,0.0040,0.0243,0.0154,0.0047,0.0002,0.0059,0.0000,0.0013,0.0013,0.0000,0.0000,0.0000,0.0000,12.44,102.91,23.22,3.412,3.146,3.004,0.6281,0.5213,0.4965,0.3119,0.3072,0.0814,0.0505,0.0473,0,0,0,0,0,0,0,0,0,0,0,0,6.444,1.14575,1.4,3.444,1.04,1.058,1.13476,1.126,1.216,1,1,1,1,1,0,0,0
46,Pd,21.18,21.021,23.817,24.299,2.838,2.833,2.99,3.171,3.072,3.045,3.328,3.5533,3.5529,0,2.503,2.66,0,0,0,0.5321,0.820407843,0.049517341,0.049517341,0.049517341,0,0.4437,0.2343,0.1198,0.0226,0.0391,0.0043,0.0427,0.0047,0.0263,0.0163,0.0056,0.0003,0.0067,0.0000,0.0014,0.0013,0.0000,0.0000,0.0000,0.0000,12,106.4,24.35,3.604,3.33,3.173,0.6716,0.5599,0.5323,0.3405,0.3352,0.0871,0.0557,0.0509,0,0,0,0,0,0,0,0,0,0,0,0,6.395,1.14625,1.4,3.328,1.04,1.058,1.13592,1.058,1.084,1,1,1,1,1,0,0,0
47,Ag,22.166,21.993,24.946,25.459,2.984,2.978,3.15,3.347,3.234,3.203,3.519,3.7432,3.749,0,2.633,2.806,0,0,0,0.56819,0.831344668,0.053377186,0.053377186,0.053377186,0,0.4483,0.2374,0.1222,0.0235,0.0418,0.0046,0.0458,0.0054,0.0283,0.0174,0.0063,0.0003,0.0074,0.0000,0.0015,0.0013,0.0000,0.0000,0.0000,0.0000,10.5,107.87,25.514,3.806,3.524,3.351,0.719,0.6038,0.573,0.374,0.3683,0.097,0.0637,0.0583,0,0,0,0,0,0,0,0,0,0,0,0,6.334,1.14673,1.4,3.308,1.04,1.058,1.13703,1.1,1.142,1,1,1,1,1,0,0,0
48,Cd,23.175,22.986,26.098,26.643,3.133,3.126,3.316,3.528,3.401,3.367,3.716,3.9513,3.9509,0,2.767,2.956,0,0,0,0.60567,0.84146906,0.057481401,0.057481401,0.057481401,0,0.4524,0.2402,0.1244,0.0244,0.0447,0.0049,0.0491,0.0062,0.0304,0.0185,0.0071,0.0003,0.0083,0.0000,0.0016,0.0013,0.0000,0.0000,0.0000,0.0000,8.65,112.4,26.711,4.018,3.727,3.538,0.772,0.6526,0.6184,0.4119,0.4052,0.1098,0.0639,0.0639,0.0117,0.0107,0,0,0,0,0,0,0,0,0,0,6.275,1.14719,1.4,3.254,1.04,1.058,1.1381,1.093,1.134,1.24567,1,1,1,1,0,0,0
49,In,24.209,24.002,27.278,27.861,3.286,3.279,3.487,3.713,3.572,3.535,3.92,4.1605,4.16,4.2361,2.904,3.1119,0,0,0,0.64785,0.850841569,0.061839465,0.061839465,0.061839465,0,0.4563,0.2428,0.1266,0.0251,0.0475,0.0052,0.0527,0.0070,0.0325,0.0199,0.0079,0.0003,0.0090,0.0002,0.0022,0.0013,0.0000,0.0000,0.0000,0.0000,7.31,114.82,27.94,4.238,3.938,3.73,0.8272,0.7032,0.6653,0.4514,0.4439,0.1229,0.0735,0.0735,0.0177,0.0169,0,0,0,0,0,0,0,0,0,0,6.229,1.14763,1.4,3.15,1.04,1.058,1.13912,1.135,1.079,1.23518,1,1,1,1,0,0,0
50,Sn,25.272,25.047,28.49,29.113,3.443,3.435,3.662,3.9041,3.75,3.708,4.1299,4.3768,4.376,4.463,3.044,3.2719,0,0,0,0.69108,0.859519246,0.066460629,0.066460629,0.066460629,0,0.4599,0.2451,0.1288,0.0258,0.0504,0.0055,0.0565,0.0078,0.0347,0.0213,0.0086,0.0003,0.0099,0.0002,0.0028,0.0013,0.0000,0.0000,0.0000,0.0000,7.3,118.69,29.2,4.465,4.156,3.929,0.8847,0.7565,0.7146,0.4632,0.4849,0.1371,0.0836,0.0836,0.0249,0.0239,0,0,0,0,0,0,0,0,0,0,6.161,1.14805,1.4,3.006,1.04,1.058,1.1401,1.076,1.075,1.2251,1,1,1,1,0,0,0
51,Sb,26.359,26.115,29.729,30.393,3.604,3.595,3.8429,4.1,3.932,3.8859,4.347,4.5999,4.599,4.6961,3.188,3.436,0,0,0,0.73274,0.867555536,0.071353841,0.071353841,0.071353841,0,0.4627,0.2473,0.1307,0.0268,0.0543,0.0060,0.0606,0.0086,0.0371,0.0230,0.0093,0.0004,0.0107,0.0002,0.0025,0.0014,0.0000,0.0000,0.0000,0.0000,6.7,121.75,30.491,4.698,4.38,4.132,0.94,0.8127,0.7664,0.5375,0.5282,0.1532,0.0956,0.0956,0.0333,0.0321,0,0,0,0,0,0,0,0,0,0,6.13,1.14846,1.4,3.013,1.04,1.058,1.14104,1.076,1.061,1.21542,1,1,1,1,1,1,1
52,Te,27.471,27.206,30.995,31.702,3.769,3.758,4.029,4.301,4.1201,4.069,4.5701,4.829,4.8279,4.9359,3.335,3.605,0,0,0,0.77828,0.875000279,0.076527674,0.076527674,0.076527674,0,0.4652,0.2493,0.1326,0.0279,0.0584,0.0064,0.0650,0.0096,0.0395,0.0247,0.0100,0.0004,0.0117,0.0002,0.0021,0.0015,0.0000,0.0000,0.0000,0.0000,6.24,127.6,31.814,4.939,4.612,4.341,1.006,0.8708,0.8208,0.5834,0.573,0.1694,0.1033,0.1033,0.0419,0.0404,0,0,0,0,0,0,0,0,0,0,6.085,1.14885,1.4,2.978,1.04,1.058,1.14195,1.152,1.13,1.20611,1.005,1.411,1,1,1,1,1
53,I,28.615,28.32,32.297,33.042,3.937,3.9249,4.2201,4.5069,4.313,4.257,4.8001,5.0657,5.065,5.184,3.484,3.78,0,0,0,0.82462,0.881899773,0.081990247,0.081990247,0.081990247,0,0.4676,0.2509,0.1344,0.0290,0.0624,0.0069,0.0696,0.0105,0.0421,0.0267,0.0108,0.0004,0.0126,0.0002,0.0023,0.0015,0.0000,0.0000,0.0000,0.0000,4.94,126.9,33.169,5.188,4.852,4.557,1.072,0.931,0.875,0.6308,0.6193,0.186,0.123,0.123,0.0506,0.0489,0,0,0,0,0,0,0,0,0,0,6.039,1.14923,1.4,2.95,1.04,1.058,1.14282,1.08,1.063,1.19715,1.005,1.498,1,1,1,1,1
54,Xe,29.779,29.458,33.624,34.415,4.109,4.096,4.417,4.7181,4.512,4.45,5.036,0,5.3049,5.439,3.637,3.958,0,0,0,0.87155,0.88829689,0.087749142,0.087749142,0.087749142,0,0.4697,0.2523,0.1362,0.0301,0.0665,0.0073,0.0745,0.0114,0.0448,0.0287,0.0116,0.0004,0.0136,0.0002,0.0024,0.0016,0.0000,0.0000,0.0000,0.0000,0.0055,131.3,34.561,5.453,5.107,4.786,1.1487,1.0021,0.9406,0.689,0.6764,0.2132,0.1467,0.1455,0.0695,0.0675,0,0,0.0233,0.0134,0.0121,0,0,0,0,0,5.988,1.14959,1.4,2.92,1.04,1.058,1.14366,1.144,1.149,1.18852,1.005,1.726,1,1,1,1,1
55,Cs,30.971,30.626,34.992,35.823,4.286,4.272,4.6189,4.935,4.7161,4.6491,5.2789,5.542,5.5519,5.7021,3.794,4.1409,0,0,0,0.92038,0.894231231,0.093811323,0.093811323,0.093811323,0,0.4714,0.2543,0.1376,0.0309,0.0710,0.0078,0.0796,0.0124,0.0477,0.0309,0.0124,0.0005,0.0146,0.0002,0.0026,0.0017,0.0000,0.0000,0.0000,0.0000,1.87,132.9,35.985,5.714,5.359,5.012,1.211,1.071,1.003,0.7405,0.7266,0.2323,0.1724,0.1613,0.0798,0.0775,0,0,0.0227,0.0142,0.0121,0,0,0,0,0,5.949,1.14994,1.4,2.955,1.04,1.058,1.14447,1.052,1.451,1.18021,1.005,1.884,1,1,1,1,1
56,Ba,32.196,31.816,36.381,37.257,4.465,4.45,4.827,5.156,4.9259,4.851,5.5299,5.7969,5.8078,5.9721,3.953,4.33,0,0,0,0.97239,0.899739296,0.100183051,0.100183051,0.100183051,0.0044,0.4728,0.2563,0.1390,0.0317,0.0756,0.0083,0.0851,0.0135,0.0506,0.0332,0.0133,0.0005,0.0156,0.0003,0.0028,0.0018,0.0044,0.0000,0.0000,0.0000,3.6,137.34,37.441,5.989,5.624,5.247,1.293,1.137,1.063,0.7957,0.7805,0.2535,0.192,0.1786,0.0926,0.0899,0,0,0.0303,0.017,0.0148,0,0,0,0,0,5.901,1.15028,1.4,2.896,1.04,1.058,1.14525,1.107,1.569,1.17219,1.005,1.617,1,1,1,1,1
57,La,33.441,33.039,37.804,38.726,4.6499,4.6331,5.0409,5.383,5.1429,5.0611,5.7881,6.06,6.073,6.2509,4.1186,4.524,0.83321,0.83321,0.85504,1.0263,0.904854675,0.106869802,0.106869802,0.106869802,0.0048,0.4735,0.2573,0.1402,0.0339,0.0805,0.0089,0.0907,0.0145,0.0538,0.0356,0.0142,0.0005,0.0167,0.0003,0.0030,0.0019,0.0048,0.0000,0.0000,0.0000,6.15,138.91,38.925,6.266,5.891,5.483,1.362,1.209,1.128,0.853,0.836,0.2747,0.2058,0.196,0.1053,0.1025,0,0,0.0343,0.0193,0.0168,0,0,0,0,0,5.863,1.1506,1.4,2.868,1.04,1.058,1.14601,1.085,1.271,1.16446,1.005,1.512,1,1,1,1,1
58,Ce,34.717,34.284,39.255,40.225,4.839,4.8219,5.261,5.612,5.3639,5.276,6.0511,6.325,6.3401,6.527,4.287,4.731,0.8819,0.8819,0.90168,1.0753,0.909608235,0.113876182,0.113876182,0.113876182,0.0053,0.4740,0.2583,0.1413,0.0360,0.0856,0.0094,0.0967,0.0156,0.0571,0.0381,0.0152,0.0006,0.0178,0.0003,0.0032,0.0020,0.0053,0.0000,0.0000,0.0000,6.8,140.12,40.443,6.548,6.164,5.723,1.436,1.274,1.187,0.9024,0.8838,0.291,0.2232,0.2065,0.109,0,0.0001,0.0001,0.0378,0.0198,0.017,0,0,0,0,0,5.806,1.15092,1.4,2.852,1.04,1.058,1.14673,1.066,1.334,1.15699,1.005,1.348,1.556,1.556,1,1,1
59,Pr,36.031,35.555,40.755,41.759,5.0329,5.013,5.4881,5.849,5.591,5.4971,6.321,6.598,6.6151,6.814,4.4563,4.9349,0.92918,0.92918,0.94932,1.1273,0.91402831,0.121205845,0.121205845,0.121205845,0.0058,0.4745,0.2595,0.1426,0.0375,0.0910,0.0100,0.1028,0.0167,0.0606,0.0407,0.0162,0.0006,0.0190,0.0003,0.0035,0.0022,0.0058,0.0000,0.0000,0.0000,6.8,140.91,41.991,6.835,6.44,5.964,1.511,1.337,1.242,0.9483,0.9288,0.3045,0.2363,0.2176,0.1151,0.1151,0.002,0.002,0.0374,0.0223,0.0223,0,0,0,0,0,5.763,1.15122,1.4,2.815,1.04,1.058,1.14744,1.105,1.311,1.14977,1.005,1.275,1.347,1.347,1,1,1
60,Nd,37.358,36.847,42.272,43.308,5.2291,5.2071,5.7211,6.0879,5.8281,5.7211,6.6011,6.883,6.9,7.1062,4.632,5.145,0.97811,0.97811,0.99663,1.1802,0.918140893,0.12886142,0.12886142,0.12886142,0.0063,0.4747,0.2606,0.1438,0.0389,0.0966,0.0106,0.1093,0.0179,0.0643,0.0434,0.0173,0.0006,0.0202,0.0003,0.0037,0.0023,0.0063,0.0000,0.0000,0.0000,6.96,144.24,43.569,7.126,6.722,6.208,1.575,1.403,1.297,1.0033,0.9804,0.3192,0.2433,0.2246,0.1205,0.1205,0.0015,0.0015,0.0375,0.0211,0.0211,0,0,0,0,0,5.718,1.15151,1.4,2.818,1.04,1.058,1.14812,1.258,1.35,1.1428,1.005,1.224,1.257,1.257,1,1,1
61,Pm,38.725,38.165,43.825,44.921,5.432,5.4069,5.9601,6.3378,6.0701,5.9549,6.8909,0,7.1889,7.4049,4.8111,5.3638,1.0325,1.0325,1.0474,1.2356,0.921969813,0.136844434,0.136844434,0.136844434,0.0068,0.4756,0.2616,0.1451,0.0397,0.1025,0.0113,0.1160,0.0191,0.0679,0.0466,0.0184,0.0007,0.0214,0.0003,0.0040,0.0024,0.0068,0.0000,0.0000,0.0000,7.264,145,45.184,7.428,7.013,6.459,0,1.4714,1.357,1.052,1.027,0,0.242,0.242,0.12,0.12,0,0,0,0,0,0,0,0,0,0,5.674,1.1518,1.4,2.801,1.04,1.058,1.14877,1.28,1.348,1.13605,1.005,1.199,1.192,1.192,1,1,1
62,Sm,40.118,39.531,45.406,46.55,5.635,5.607,6.204,6.586,6.3169,6.195,7.1769,7.471,7.4849,7.7122,4.994,5.588,1.0848,1.0848,1.1001,1.2915,0.925536903,0.145155247,0.145155247,0.145155247,0.0074,0.4763,0.2625,0.1462,0.0405,0.1086,0.0119,0.1230,0.0204,0.0716,0.0499,0.0196,0.0007,0.0226,0.0004,0.0043,0.0026,0.0074,0.0000,0.0000,0.0000,7.5,150.35,46.834,7.737,7.312,6.716,1.723,1.541,1.4198,1.1109,1.0834,0.3472,0.2656,0.2474,0.129,0.129,0.0052,0.0052,0.0374,0.0213,0.0213,0,0,0,0,0,5.625,1.15207,1.4,2.783,1.04,1.058,1.14941,1.248,1.439,1.12953,1.005,1.161,1.179,1.179,1,1,1
63,Eu,41.534,40.889,47.028,48.256,5.8451,5.8161,6.455,6.8418,6.5699,6.4379,7.4791,7.7677,7.795,8.0288,5.176,5.816,1.1371,1.1362,1.1533,1.346,0.928862169,0.153792991,0.153792991,0.153792991,0.0081,0.4767,0.2639,0.1471,0.0412,0.1148,0.0126,0.1302,0.0218,0.0762,0.0525,0.0208,0.0008,0.0240,0.0004,0.0045,0.0027,0.0081,0.0000,0.0000,0.0000,5.2,151.96,48.519,8.052,7.617,6.977,1.8,1.614,1.481,1.1586,1.1275,0.36,0.284,0.257,0.133,0.1277,0,0,0.032,0.022,0.022,0,0,0,0,0,5.582,1.15233,1.4,2.766,1.04,1.058,1.15003,1.248,1.357,1.1232,1.005,1.159,1.032,1.123,1,1,1
64,Gd,42.992,42.287,48.697,49.959,6.0561,6.0241,6.7118,7.1021,6.8302,6.6861,7.7838,8.087,8.1038,8.354,5.3611,6.049,1.1904,1.1904,1.2091,1.4019,0.931963933,0.16275552,0.16275552,0.16275552,0.0087,0.4770,0.2652,0.1479,0.0420,0.1213,0.0133,0.1377,0.0233,0.0810,0.0551,0.0222,0.0008,0.0255,0.0004,0.0048,0.0029,0.0087,0.0000,0.0000,0.0000,7.9,157.25,50.239,8.376,7.93,7.243,1.881,1.688,1.544,1.2219,1.1896,0.3786,0.286,0.271,0,0.1426,0.0086,0.0086,0.036,0.02,0.02,0,0,0,0,0,5.537,1.15259,1.4,2.747,1.04,1.058,1.15062,1.228,1.142,1.11708,1.005,1.137,1.135,1.135,1,1,1
65,Tb,44.476,43.737,50.382,51.72,6.2721,6.2371,6.977,7.3649,7.0952,6.9391,8.1002,8.398,8.422,8.6828,5.5493,6.2829,1.2447,1.2477,1.2661,1.461,0.934858983,0.172039364,0.172039364,0.172039364,0.0094,0.4773,0.2664,0.1489,0.0422,0.1277,0.0140,0.1453,0.0248,0.0857,0.0582,0.0237,0.0009,0.0269,0.0004,0.0055,0.0031,0.0094,0.0000,0.0000,0.0000,8.3,158.92,51.996,8.708,8.252,7.514,1.968,1.768,1.611,1.2769,1.2411,0.396,0.3224,0.2841,0.1505,0.1505,0.0077,0.0024,0.0456,0.0287,0.0226,0,0,0,0,0,5.492,1.15284,1.4,2.732,1.04,1.058,1.1512,1.207,1.47,1.11115,1.005,1.132,1.105,1.105,1,1,1
66,Dy,45.997,45.19,52.119,53.51,6.4939,6.457,7.2461,7.6338,7.3689,7.2032,8.4169,8.714,8.7519,9.0181,5.742,6.5328,1.2992,1.2992,1.325,1.5223,0.937562692,0.181639703,0.181639703,0.181639703,0.0102,0.4776,0.2675,0.1500,0.0425,0.1342,0.0148,0.1532,0.0263,0.0905,0.0614,0.0253,0.0009,0.0284,0.0005,0.0063,0.0032,0.0102,0.0000,0.0000,0.0000,8.5,162.5,53.789,9.046,8.581,7.79,2.047,1.842,1.676,1.333,1.292,0.4142,0.3335,0.2932,0.1536,0.1536,0.008,0.0043,0.0499,0.0263,0.0263,0,0,0,0,0,5.45,1.15308,1.4,2.707,1.04,1.058,1.15176,1.197,1.422,1.10539,1.005,1.122,1.095,1.095,1,1,1
67,Ho,47.534,46.691,53.877,55.32,6.7191,6.6789,7.524,7.91,7.6498,7.4701,8.7458,9.051,9.0861,9.3733,5.9421,6.7871,1.3533,1.3533,1.3829,1.5764,0.940089151,0.191550343,0.191550343,0.191550343,0.0110,0.4778,0.2688,0.1507,0.0428,0.1417,0.0156,0.1612,0.0280,0.0955,0.0646,0.0270,0.0010,0.0300,0.0005,0.0063,0.0034,0.0110,0.0000,0.0000,0.0000,8.8,164.93,55.618,9.394,8.918,8.071,2.128,1.923,1.741,1.392,1.351,0.4324,0.3435,0.3082,0.16,0.16,0.0086,0.0052,0.0493,0.0308,0.0241,0,0,0,0,0,5.403,1.15332,1.4,2.706,1.04,1.058,1.1523,1.181,1.442,1.09981,1.005,1.117,1.091,1.091,1,1,1
68,Er,49.1,48.219,55.681,57.21,6.9469,6.9039,7.8088,8.1879,7.9378,7.744,9.0869,9.385,9.4289,9.721,6.1417,7.0448,1.4088,1.4088,1.443,1.643,0.94245127,0.201763713,0.201763713,0.201763713,0.0118,0.4779,0.2700,0.1515,0.0430,0.1493,0.0164,0.1694,0.0299,0.0934,0.0631,0.0288,0.0154,0.0293,0.0005,0.0062,0.0036,0.0118,0.0000,0.0000,0.0000,9,167.26,57.486,9.751,9.264,8.358,2.206,2.006,1.812,1.453,1.409,0.4498,0.3662,0.3202,0.1676,0.1676,0,0.0047,0.0506,0.0314,0.0247,0,0,0,0,0,5.353,1.15355,1.4,2.692,1.04,1.058,1.15283,1.15,1.475,1.09439,1.005,1.113,1.088,1.088,1,1,1
69,Tm,50.73,49.771,57.517,59.09,7.179,7.1319,8.1002,8.4669,8.2292,8.0241,9.4239,9.73,9.7776,10.083,6.3411,7.308,1.4655,1.4655,1.503,1.7045,0.944660883,0.212270863,0.212270863,0.212270863,0.0127,0.4783,0.2710,0.1523,0.0430,0.1567,0.0172,0.1778,0.0317,0.0978,0.0661,0.0308,0.0171,0.0307,0.0005,0.0066,0.0038,0.0127,0.0000,0.0000,0.0000,9.3,168.93,59.39,10.116,9.617,8.648,2.307,2.09,1.885,1.515,1.468,0.4709,0.3859,0.3326,0.1755,0.1755,0,0.0046,0.0547,0.0318,0.025,0,0,0,0,0,5.369,1.15377,1.4,2.678,1.04,1.058,1.15334,1.169,1.395,1.08913,1.005,1.11,1.084,1.084,1,1,1
70,Yb,52.362,51.341,59.37,60.98,7.4138,7.3658,8.3998,8.757,8.5351,8.3119,9.7777,10.0897,10.141,10.458,6.5439,7.5792,1.5234,1.5204,1.5676,1.7651,0.946728843,0.223061494,0.223061494,0.223061494,0.0136,0.4786,0.2719,0.1532,0.0431,0.1643,0.0181,0.1863,0.0337,0.1024,0.0691,0.0328,0.0189,0.0321,0.0005,0.0070,0.0039,0.0136,0.0000,0.0000,0.0000,7,173.04,61.332,10.486,9.978,8.944,2.398,2.173,1.95,1.576,1.528,0.4805,0.3887,0.3397,0.1912,0.1824,0.0025,0.0013,0.052,0.0303,0.0241,0,0,0,0,0,5.27,1.15398,1.4,2.665,1.04,1.058,1.15384,1.179,1.522,1.08401,1.005,1.101,1.028,1.05,1,1,1
71,Lu,54.078,52.967,61.283,62.97,7.6541,7.6039,8.7078,9.0464,8.845,8.605,10.142,10.46,10.509,10.84,6.752,7.8558,1.5814,1.5814,1.6311,1.8319,0.948665105,0.23412398,0.23412398,0.23412398,0.0146,0.4785,0.2728,0.1541,0.0433,0.1720,0.0189,0.1949,0.0359,0.1071,0.0723,0.0351,0.0206,0.0336,0.0005,0.0074,0.0041,0.0146,0.0000,0.0000,0.0000,9.8,174.97,63.314,10.87,10.349,9.244,2.491,2.264,2.024,1.639,1.589,0.5068,0.4124,0.3592,0.2061,0.1963,0.0089,0.0075,0.0573,0.0336,0.0267,0,0,0,0,0,5.228,1.15419,1.4,2.649,1.04,1.058,1.15433,1.164,1.262,1.07905,1.005,1.089,1.021,1.044,1,1,1
72,Hf,55.81,54.627,63.234,64.98,7.8979,7.8429,9.0207,9.3451,9.1621,8.9041,10.514,10.8335,10.889,11.235,6.9582,8.1378,1.6445,1.6443,1.6977,1.8946,0.950478801,0.245445424,0.245445424,0.245445424,0.0156,0.4783,0.2736,0.1550,0.0435,0.1798,0.0198,0.2036,0.0381,0.1118,0.0756,0.0375,0.0224,0.0351,0.0006,0.0078,0.0043,0.0156,0.0000,0.0000,0.0000,13.3,178.49,65.351,11.271,10.739,9.561,2.601,2.365,2.107,1.716,1.662,0.538,0.4382,0.3807,0.22,0.2115,0.0159,0.0142,0.0642,0.038,0.0299,0,0,0,0,0,5.185,1.15439,1.4,2.63,1.04,1.058,1.1548,1.144,1.255,1.07422,1.005,1.081,1.02,1.037,1,1,1
73,Ta,57.549,56.293,65.223,66.99,8.1449,8.0859,9.3422,9.6491,9.4859,9.2111,10.893,11.217,11.276,11.639,7.1719,8.4271,1.7097,1.708,1.7654,1.9642,0.952178315,0.257011714,0.257011714,0.257011714,0.0167,0.4784,0.2746,0.1555,0.0438,0.1877,0.0206,0.2125,0.0405,0.1165,0.0791,0.0400,0.0242,0.0367,0.0006,0.0082,0.0046,0.0167,0.0000,0.0000,0.0000,16.6,180.95,67.416,11.682,11.136,9.881,2.708,2.469,2.194,1.793,1.735,0.5634,0.4634,0.4009,0.2379,0.2264,0.0235,0.0216,0.0697,0.0422,0.0327,0,0,0,0,0,5.143,1.15459,1.4,2.613,1.04,1.058,1.15525,1.127,1.233,1.06952,1.005,1.077,1.02,1.037,1,1,1
74,W,59.315,57.981,67.244,69.085,8.3958,8.3337,9.6709,9.9583,9.8172,9.5238,11.284,11.608,11.672,12.057,7.386,8.723,1.7755,1.7732,1.8349,2.0351,0.953771346,0.268807595,0.268807595,0.268807595,0.0179,0.4783,0.2755,0.1559,0.0440,0.1958,0.0215,0.2215,0.0429,0.1211,0.0827,0.0425,0.0260,0.0383,0.0006,0.0087,0.0048,0.0179,0.0000,0.0000,0.0000,19.32,183.85,69.525,12.1,11.544,10.207,2.82,2.575,2.281,1.949,1.809,0.5941,0.4904,0.42361,0.2559,0.2435,0.0336,0.0314,0.0756,0.0453,0.0368,0,0,0,0,0,5.099,1.15478,1.4,2.613,1.04,1.058,1.1557,1.106,1.203,1.06495,1.005,1.072,1.02,1.037,1,1,1
75,Re,61.132,59.716,69.317,71.192,8.6512,8.5848,10.008,10.273,10.158,9.8452,11.683,12.0098,12.08,12.485,7.602,9.0259,1.8426,1.8393,1.9062,2.1067,0.955264965,0.280816758,0.280816758,0.280816758,0.0191,0.4779,0.2762,0.1567,0.0444,0.2038,0.0224,0.2305,0.0455,0.1256,0.0866,0.0453,0.0281,0.0399,0.0006,0.0091,0.0050,0.0191,0.0000,0.0000,0.0000,20.5,186.2,71.676,12.527,11.959,10.535,2.932,2.682,2.367,1.949,1.883,0.6254,0.5187,0.4468,0.2739,0.2605,0.0429,0.0405,0.083,0.0456,0.0346,0,0,0,0,0,5.056,1.15497,1.4,2.6,1.04,1.058,1.15613,1.045,1.302,1.0605,1.005,1.069,1.02,1.032,1,1,1
76,Os,63,61.497,71.397,73.344,8.9099,8.84,10.354,10.595,10.509,10.174,12.093,12.4224,12.498,12.915,7.8212,9.3351,1.9103,1.9067,1.9783,2.182,0.956665671,0.293021934,0.293021934,0.293021934,0.0203,0.4774,0.2769,0.1575,0.0449,0.2120,0.0233,0.2396,0.0481,0.1301,0.0906,0.0482,0.0302,0.0415,0.0007,0.0096,0.0053,0.0203,0.0000,0.0000,0.0000,22.48,190.2,73.871,12.968,12.385,10.871,3.049,2.792,2.457,2.031,1.96,0.6582,0.5491,0.4707,0.2931,0.2785,0.0534,0.0507,0.084,0.058,0.0445,0,0,0,0,0,5.007,1.15515,1.4,2.587,1.04,1.058,1.15656,1.1,1.05,1.05617,1.005,1.067,1.02,1.031,1,1,1
77,Ir,64.917,63.29,73.562,75.584,9.1743,9.0982,10.706,10.918,10.866,10.509,12.509,12.8418,12.921,13.36,8.0431,9.649,1.9799,1.9758,2.0533,2.2542,0.957979434,0.305405004,0.305405004,0.305405004,0.0216,0.4767,0.2777,0.1580,0.0455,0.2202,0.0242,0.2489,0.0509,0.1343,0.0949,0.0510,0.0324,0.0431,0.0007,0.0101,0.0055,0.0216,0.0000,0.0000,0.0000,22.42,192.2,76.111,13.419,12.824,11.215,3.174,2.909,2.551,2.116,2.04,0.6911,0.5778,0.4958,0.3119,0.2963,0.0638,0.0608,0.0952,0.063,0.048,0,0,0,0,0,4.963,1.15533,1.4,2.58,1.04,1.058,1.15697,1.066,1.087,1.05195,1.005,1.06,1.02,1.032,1,1,1
78,Pt,66.846,65.122,75.769,77.818,9.4411,9.3599,11.069,11.247,11.233,10.852,12.94,13.2704,13.358,13.82,8.2671,9.9727,2.0503,2.0466,2.1273,2.3309,0.959211747,0.317947109,0.317947109,0.317947109,0.0230,0.4760,0.2785,0.1585,0.0462,0.2285,0.0251,0.2582,0.0537,0.1385,0.0993,0.0540,0.0346,0.0447,0.0007,0.0106,0.0058,0.0230,0.0000,0.0000,0.0000,21.45,195.09,78.395,13.88,13.273,11.564,3.296,3.027,2.645,2.202,2.122,0.7254,0.6091,0.5194,0.3316,0.3146,0.0745,0.0712,0.1017,0.0653,0.0517,0,0,0,0,0,4.973,1.1555,1.4,2.563,1.04,1.058,1.15737,1.075,1.094,1.04784,1.005,1.06,1.02,1.022,1,1,1.085
79,Au,68.816,66.99,77.965,80.137,9.7118,9.6259,11.441,11.582,11.608,11.203,13.379,13.7095,13.806,14.288,8.493,10.307,2.1218,2.1179,2.2045,2.4097,0.960367659,0.330628778,0.330628778,0.330628778,0.0245,0.4753,0.2792,0.1590,0.0468,0.2367,0.0260,0.2676,0.0567,0.1423,0.1042,0.0570,0.0369,0.0465,0.0007,0.0112,0.0060,0.0245,0.0000,0.0000,0.0000,19.3,196.97,80.725,14.353,13.734,11.919,3.425,3.148,2.743,2.291,2.206,0.7621,0.6427,0.5463,0.3532,0.3351,0.0876,0.0839,0.1072,0.0742,0.0572,0,0,0,0,0,4.874,1.15567,1.4,2.55,1.04,1.058,1.15776,1.07,1.092,1.04383,1.005,1.06,1.02,1.022,1,1,1.063
80,Hg,70.806,68.878,80.247,82.489,9.9872,9.8963,11.821,11.92,11.993,11.561,13.828,14.162,14.262,14.767,8.72,10.648,2.1953,2.1915,2.2825,2.4876,0.961451812,0.343430052,0.343430052,0.343430052,0.0260,0.4746,0.2800,0.1595,0.0475,0.2450,0.0269,0.2770,0.0598,0.1460,0.1092,0.0601,0.0393,0.0482,0.0007,0.0117,0.0063,0.0260,0.0000,0.0000,0.0000,13.59,200.59,83.102,14.839,14.209,12.284,3.562,3.279,2.847,2.385,2.295,0.8022,0.6802,0.5766,0.3782,0.3588,0.104,0.0999,0.127,0.0831,0.0645,0.0096,0.0078,0,0,0,4.828,1.15583,1.4,2.534,1.04,1.058,1.15814,1.088,1.138,1.03992,1.005,1.06,1.02,1.02,1,1,1.152
81,Tl,72.869,70.825,82.576,84.88,10.267,10.171,12.211,12.268,12.388,11.929,14.288,14.6251,14.733,15.272,8.9517,10.992,2.2707,2.2657,2.362,2.5706,0.96246848,0.356330616,0.356330616,0.356330616,0.0276,0.4738,0.2807,0.1599,0.0481,0.2532,0.0279,0.2867,0.0629,0.1493,0.1147,0.0631,0.0416,0.0500,0.0007,0.0123,0.0066,0.0276,0.0000,0.0000,0.0000,11.86,204.37,85.53,15.347,14.698,12.658,3.704,3.416,2.957,2.485,2.389,0.8462,0.7205,0.6095,0.4057,0.385,0.1222,0.1178,0.136,0.0946,0.0735,0.0147,0.0125,0,0,0,4.781,1.15599,1.4,2.52,1.04,1.058,1.15851,1.162,1.367,1.03611,1.005,1.06,1.02,1.017,1,1.047,1.172
82,Pb,74.989,72.826,84.936,87.3,10.55,10.448,12.613,12.619,12.791,12.305,14.761,15.101,15.215,15.776,9.1831,11.347,2.3455,2.3397,2.4425,2.6525,0.96342159,0.369309932,0.369309932,0.369309932,0.0292,0.4730,0.2814,0.1603,0.0487,0.2615,0.0288,0.2963,0.0662,0.1525,0.1202,0.0661,0.0439,0.0519,0.0008,0.0129,0.0069,0.0292,0.0000,0.0000,0.0000,11.34,207.17,88.005,15.861,15.2,13.035,3.851,3.554,3.066,2.586,2.484,0.8918,0.7619,0.6435,0.4343,0.4122,0.1417,0.1369,0.147,0.1064,0.0833,0.0207,0.0181,0,0,0,4.731,1.15615,1.4,2.506,1.04,1.058,1.15887,1.265,1.757,1.0324,1.005,1.06,1.02,1.007,1,1.168,1.172
83,Bi,77.091,74.807,87.319,89.79,10.837,10.729,13.024,12.976,13.208,12.689,15.247,15.5824,15.708,16.293,9.4189,11.709,2.4225,2.4168,2.5256,2.7357,0.964314755,0.382347374,0.382347374,0.382347374,0.0310,0.4721,0.2821,0.1608,0.0493,0.2697,0.0297,0.3061,0.0695,0.1552,0.1263,0.0690,0.0463,0.0537,0.0008,0.0135,0.0072,0.0310,0.0000,0.0000,0.0000,9.8,208.98,90.526,16.388,15.711,13.419,3.999,3.696,3.177,2.688,2.58,0.939,0.8052,0.6788,0.464,0.4401,0.1623,0.157,0.1593,0.119,0.0926,0.0269,0.0238,0,0,0,4.682,1.1563,1.4,2.492,1.04,1.058,1.15922,1.392,2.325,1.02877,1.005,1.06,1.02,1.002,1,1,1.587
84,Po,79.272,76.864,89.776,92.316,11.129,11.014,13.446,13.336,13.645,13.084,15.744,16.07,16.218,16.823,9.6568,12.087,2.5011,2.4956,2.6105,2.8211,0.965151298,0.395422356,0.395422356,0.395422356,0.0328,0.4713,0.2828,0.1612,0.0500,0.2779,0.0306,0.3158,0.0728,0.1579,0.1324,0.0720,0.0488,0.0556,0.0008,0.0141,0.0076,0.0328,0.0000,0.0000,0.0000,9.4,209,93.105,16.939,16.244,13.814,4.149,3.854,3.302,2.798,2.683,0.995,0.851,0.705,0.5,0.473,0.184,0.184,0.177,0.132,0.104,0.031,0.031,0,0,0,4.628,1.15645,1.4,2.478,1.04,1.058,1.15957,1.526,2.969,1.02523,1.005,1.06,1.02,1.005,1.283,1.283,1.297
85,At,81.513,78.969,92.316,94.932,11.425,11.303,13.874,13.701,14.065,13.489,16.251,0,16.737,17.364,9.8955,12.472,2.5808,2.5751,2.6967,2.9085,0.965934271,0.408514461,0.408514461,0.408514461,0.0347,0.4703,0.2833,0.1615,0.0508,0.2863,0.0315,0.3257,0.0759,0.1600,0.1389,0.0749,0.0512,0.0576,0.0008,0.0148,0.0079,0.0347,0.0000,0.0000,0.0000,0,210,95.73,17.493,16.785,14.214,4.317,4.008,3.426,2.909,2.787,1.042,0.886,0.74,0.533,0.507,0.21,0.21,0.195,0.148,0.115,0.04,0.04,0,0,0,4.586,1.1566,1.4,2.459,1.04,1.058,1.15991,1.652,3.389,1.02177,1.005,1.06,1.02,1,1.35,1.35,1.287
86,Rn,83.771,81.086,94.859,97.546,11.725,11.596,14.313,14.071,14.509,13.901,16.77,0,17.264,17.92,10.135,12.862,2.6617,2.6554,2.7842,2.9977,0.966666479,0.421603563,0.421603563,0.421603563,0.0366,0.4693,0.2839,0.1619,0.0516,0.2947,0.0324,0.3355,0.0790,0.1620,0.1455,0.0778,0.0536,0.0596,0.0008,0.0155,0.0082,0.0366,0.0000,0.0000,0.0000,0.00973,222,98.404,18.049,17.337,14.619,4.482,4.159,3.538,3.022,2.892,1.097,0.929,0.768,0.567,0.541,0.238,0.238,0.214,0.164,0.127,0.048,0.048,0.026,0,0,4.494,1.15674,1.4,2.449,1.04,1.058,1.16023,1.621,3.521,1.017,1.005,1.06,1.02,1,1.339,1.339,1.297
87,Fr,86.098,83.209,97.469,100.23,12.029,11.893,14.768,14.445,14.974,14.32,17.305,0,17.804,18.493,10.376,13.258,2.7437,2.7366,2.873,3.0887,0.967350494,0.434669945,0.434669945,0.434669945,0.0387,0.4681,0.2848,0.1622,0.0522,0.3031,0.0333,0.3456,0.0820,0.1641,0.1516,0.0805,0.0561,0.0620,0.0008,0.0163,0.0086,0.0387,0.0000,0.0000,0.0000,0,223,101.137,18.639,17.907,15.031,4.652,4.327,3.663,3.136,3,1.153,0.98,0.81,0.603,0.577,0.268,0.268,0.234,0.182,0.14,0.058,0.058,0.034,0.015,0.015,4.481,1.15688,1.4,2.443,1.04,1.058,1.16056,1.555,3.135,1.017,1.005,1.06,1.02,1.124,1.287,1.287,1.3
88,Ra,88.495,85.445,100.15,102.97,12.338,12.194,15.236,14.836,15.445,14.746,17.849,18.179,18.358,19.085,10.62,13.66,2.8268,2.8189,2.9629,3.1812,0.967988677,0.447694405,0.447694405,0.447694405,0.0408,0.4670,0.2858,0.1625,0.0528,0.3114,0.0343,0.3556,0.0850,0.1661,0.1578,0.0832,0.0586,0.0643,0.0008,0.0170,0.0089,0.0408,0.0000,0.0000,0.0000,5,226,103.922,19.237,18.484,15.444,4.822,4.49,3.792,3.248,3.105,1.208,1.058,0.879,0.636,0.603,0.299,0.299,0.254,0.2,0.153,0.068,0.068,0.044,0.019,0.019,4.433,1.15701,1.4,2.433,1.04,1.058,1.16087,1.484,2.803,1.017,1.005,1.06,1.02,1.025,1.165,1.165,1.337
89,Ac,90.895,87.681,102.8,105.79,12.65,12.499,15.714,15.231,15.932,15.188,18.408,0,18.925,19.694,10.867,14.081,2.9109,2.9022,3.0539,3.275,0.968583186,0.460658358,0.460658358,0.460658358,0.0430,0.4656,0.2865,0.1627,0.0538,0.3200,0.0352,0.3653,0.0877,0.1673,0.1648,0.0860,0.0611,0.0667,0.0008,0.0178,0.0093,0.0430,0.0000,0.0000,0.0000,10.1,227,106.755,19.84,19.083,15.871,5.002,4.656,3.909,3.37,3.219,1.269,1.08,0.89,0.675,0.639,0.319,0.319,0.272,0.215,0.167,0.08,0.08,0,0,0,4.381,1.15714,1.4,2.423,1.04,1.058,1.16118,1.449,2.602,1.017,1.005,1.06,1.02,1.014,1.155,1.155,1.32
90,Th,93.382,89.986,105.57,108.63,12.967,12.807,16.204,15.625,16.425,15.642,18.983,19.305,19.507,20.29,11.115,14.507,2.9961,2.9868,3.1459,3.3699,0.969135997,0.473543923,0.473543923,0.473543923,0.0453,0.4641,0.2873,0.1629,0.0548,0.3284,0.0361,0.3749,0.0903,0.1684,0.1718,0.0889,0.0635,0.0690,0.0008,0.0187,0.0097,0.0453,0.0000,0.0000,0.0000,11.5,232.04,109.651,20.472,19.693,16.3,5.182,4.83,4.046,3.491,3.332,1.33,1.168,0.9664,0.7121,0.6752,0.3424,0.3331,0.29,0.229,0.182,0.0925,0.0854,0.0414,0.0245,0.0166,4.335,1.15727,1.4,2.411,1.04,1.058,1.16148,1.429,2.481,1.017,1.005,1.06,1.02,1.013,1.004,1.113,1.31
91,Pa,95.886,92.316,108.47,111.49,13.288,13.12,16.705,16.025,16.933,16.105,19.562,19.872,20.099,20.883,11.364,14.945,3.0826,3.0726,3.2396,3.466,0.969648908,0.486334004,0.486334004,0.486334004,0.0477,0.4630,0.2877,0.1632,0.0558,0.3370,0.0371,0.3843,0.0927,0.1690,0.1791,0.0917,0.0658,0.0716,0.0008,0.0196,0.0104,0.0477,0.0000,0.0000,0.0000,15.4,231,112.601,21.105,20.314,16.733,5.367,5.001,4.174,3.611,3.442,1.387,1.224,1.007,0.743,0.708,0.371,0.36,0.31,0.232,0.232,0.094,0.094,0,0,0,4.287,1.1574,1.4,2.401,1.04,1.058,1.16177,1.431,2.48,1.017,1.005,1.06,1.02,1.011,1.009,1.11,1.287
92,U,98.434,94.668,111.27,114.48,13.612,13.437,17.221,16.43,17.456,16.577,20.168,20.4847,20.715,21.56,11.616,15.397,3.1709,3.1596,3.3364,3.5637,0.970123558,0.49901236,0.49901236,0.49901236,0.0502,0.4617,0.2881,0.1635,0.0568,0.3455,0.0380,0.3935,0.0950,0.1694,0.1864,0.0945,0.0681,0.0742,0.0008,0.0205,0.0110,0.0502,0.0000,0.0000,0.0000,19.05,238.03,115.606,21.757,20.948,17.166,5.548,5.182,4.303,3.728,3.552,1.439,1.271,1.043,0.7783,0.7362,0.3882,0.3774,0.321,0.257,0.192,0.1028,0.0942,0.0439,0.0268,0.0168,4.238,1.15752,1.4,2.392,1.04,1.058,1.16206,1.424,2.433,1.017,1.005,1.06,1.02,1.013,1,1.096,1.282
93,Np,101.005,97.023,114.181,117.533,13.941,13.757,17.741,16.84,17.989,17.061,20.76,21.11,21.339,22.199,11.868,15.851,3.2595,3.2467,3.4325,3.6626,0.970561428,0.511563661,0.511563661,0.511563661,0.0528,0.4607,0.2891,0.1636,0.0571,0.3545,0.0390,0.4039,0.0966,0.1687,0.1940,0.0973,0.0710,0.0770,0.0008,0.0215,0.0103,0.0528,0.0000,0.0000,0.0000,20.25,237,0.0000,0.0000,0.0000,0.0000,0.0000,0.0000,0.0000,0.0000,0.0000,0.0000,0.0000,0.0000,0.0000,0.0000,0.0000,0.0000,0.0000,0.0000,0.0000,0.0000,0.0000,0.0000,0.0000,0.0000,4.191,1.15765,1.4,2.38,1.04,1.058,1.16234,1.415,2.387,1.017,1.005,1.06,1.02,1.007,1.023,1.111,1.273
94,Pu,103.75,99.54,117.2,120.6,14.275,14.082,18.276,17.233,18.523,17.526,21.407,21.7251,21.982,22.892,12.122,16.305,3.3482,3.3338,3.5312,3.765,0.970963857,0.523973535,0.523973535,0.523973535,0.0555,0.4597,0.2901,0.1637,0.0575,0.3634,0.0400,0.4142,0.0981,0.1679,0.2015,0.1002,0.0739,0.0798,0.0008,0.0225,0.0095,0.0555,0.0000,0.0000,0.0000,19.84,244,0.0000,0.0000,0.0000,0.0000,0.0000,0.0000,0.0000,0.0000,0.0000,0.0000,0.0000,0.0000,0.0000,0.0000,0.0000,0.0000,0.0000,0.0000,0.0000,0.0000,0.0000,0.0000,0.0000,0.0000,4.144,1.15776,1.4,2.37,1.04,1.058,1.16261,1.356,2.395,1.017,1.005,1.06,1.02,1.001,1.002,1.091,1.259
95,Am,105.97,101.62,120.37,123.98,14.615,14.41,18.833,17.676,19.106,18.063,22.055,22.361,22.662,23.599,12.381,16.778,3.4368,3.4209,3.6315,3.8679,0.971332045,0.536228607,0.536228607,0.536228607,0.0583,0.4583,0.2908,0.1638,0.0584,0.3719,0.0409,0.4239,0.1004,0.1684,0.2105,0.1026,0.0758,0.0808,0.0008,0.0231,0.0097,0.0583,0.0000,0.0000,0.0000,13.67,243,0.0000,0.0000,0.0000,0.0000,0.0000,0.0000,0.0000,0.0000,0.0000,0.0000,0.0000,0.0000,0.0000,0.0000,0.0000,0.0000,0.0000,0.0000,0.0000,0.0000,0.0000,0.0000,0.0000,0.0000,4.095,1.15788,1.4,2.357,1.04,1.058,1.16288,1.41,2.338,1.017,1.005,1.06,1.02,1.024,1.084,1.133,1.066
96,Cm,0,0,0,0,0,0,0,0,0,0,0,0,0,0,0,0,0,0,0,0,0.971667061,0.548316521,0.548316521,0.548316521,0.0612,0,0,0,0,0,0,0,0,0,0,0,0,0,0,0,0,0,0,0,0,13.51,247,0.0000,0.0000,0.0000,0.0000,0.0000,0.0000,0.0000,0.0000,0.0000,0.0000,0.0000,0.0000,0.0000,0.0000,0.0000,0.0000,0.0000,0.0000,0.0000,0.0000,0.0000,0.0000,0.0000,0.0000,4.043,1.15799,1.4,2.348,1.04,1.058,1.16315,1.395,2.217,1.017,1.005,1.06,1.02,1.02,1.059,1.096,1.064
97,Bk,0,0,0,0,0,0,0,0,0,0,0,0,0,0,0,0,0,0,0,0,0.971969851,0.560225955,0.560225955,0.560225955,0.0642,0,0,0,0,0,0,0,0,0,0,0,0,0,0,0,0,0,0,0,0,14.00,247,0.0000,0.0000,0.0000,0.0000,0.0000,0.0000,0.0000,0.0000,0.0000,0.0000,0.0000,0.0000,0.0000,0.0000,0.0000,0.0000,0.0000,0.0000,0.0000,0.0000,0.0000,0.0000,0.0000,0.0000,3.998,1.15811,1.4,2.346,1.04,1.058,1.16341,1.39,2.235,1.017,1.005,1.06,1.02,1.018,1.07,1.09,1.061
98,Cf,0,0,0,0,0,0,0,0,0,0,0,0,0,0,0,0,0,0,0,0,0.972241237,0.571946629,0.571946629,0.571946629,0.0673,0,0,0,0,0,0,0,0,0,0,0,0,0,0,0,0,0,0,0,0,0.00,251,0.0000,0.0000,0.0000,0.0000,0.0000,0.0000,0.0000,0.0000,0.0000,0.0000,0.0000,0.0000,0.0000,0.0000,0.0000,0.0000,0.0000,0.0000,0.0000,0.0000,0.0000,0.0000,0.0000,0.0000,3.954,1.15822,1.4,2.305,1.04,1.058,1.16366,1.389,2.24,1.017,1.005,1.06,1.02,1.02,1.069,1.115,1.056
99,Es,0,0,0,0,0,0,0,0,0,0,0,0,0,0,0,0,0,0,0,0,0.972481927,0.583469303,0.583469303,0.583469303,0.0706,0,0,0,0,0,0,0,0,0,0,0,0,0,0,0,0,0,0,0,0,0.00,252,0.0000,0.0000,0.0000,0.0000,0.0000,0.0000,0.0000,0.0000,0.0000,0.0000,0.0000,0.0000,0.0000,0.0000,0.0000,0.0000,0.0000,0.0000,0.0000,0.0000,0.0000,0.0000,0.0000,0.0000,0.0000,0.0000,0.0000,0.0000,0.0000,0.0000,0.0000,0.0000,0.0000,0.0000,0.0000,0.0000,0.0000,0.0000,0.0000,0.0000,0.0000
100,Fm,0,0,0,0,0,0,0,0,0,0,0,0,0,0,0,0,0,0,0,0,0.972692515,0.594785761,0.594785761,0.594785761,0.0739,0,0,0,0,0,0,0,0,0,0,0,0,0,0,0,0,0,0,0,0,0.00,257,0.0000,0.0000,0.0000,0.0000,0.0000,0.0000,0.0000,0.0000,0.0000,0.0000,0.0000,0.0000,0.0000,0.0000,0.0000,0.0000,0.0000,0.0000,0.0000,0.0000,0.0000,0.0000,0.0000,0.0000,0.0000,0.0000,0.0000,0.0000,0.0000,0.0000,0.0000,0.0000,0.0000,0.0000,0.0000,0.0000,0.0000,0.0000,0.0000,0.0000,0.0000
,,,,,,,,,,,,,,,,,,,,,,,,,,,,,,,,,,,,,,,,,,,,,,,,,,,,,,,,,,,,,,,,,,,,,,,,,,,,,,,,,,,,,,,,,
,,,,,,,,,,,,,,,,,,,,,,,,,,,,,,,,,,,,,,,,,,,,,,,,,,,,,,,,,,,,,,,,,,,,,,,,,,,,,,,,,,,,,,,,,
,,,,,,,,,,,,,,,,,,,,,,,,,,,,,,,,,,,,,,,,,,,,,,,,,,,,,,,,,,,,,,,,,,,,,,,,,,,,,,,,,,,,,,,,,
,,,,,,,,,,,,,,,,,,,,,,,,,,,,,,,,,,,,,,,,,,,,,,,,,,,,,,,,,,,,,,,,,,,,,,,,,,,,,,,,,,,,,,,,,
,,,,,,,,,,,,,,,,,,,,,,,,,,,,,,,,,,,,,,,,,,,,,,,,,,,,,,,,,,,,,,,,,,,,,,,,,,,,,,,,,,,,,,,,,
,,,,,,,,,,,,,,,,,,,,,,,,,,,,,,,,,,,,,,,,,,,,,,,,,,,,,,,,,,,,,,,,,,,,,,,,,,,,,,,,,,,,,,,,,
,,,,,,,,,,,,,,,,,,,,,,,,,,,,,,,,,,,,,,,,,,,,,,,,,,,,,,,,,,,,,,,,,,,,,,,,,,,,,,,,,,,,,,,,,
,,,,,,,,,,,,,,,,,,,,,,,,,,,,,,,,,,,,,,,,,,,,,,,,,,,,,,,,,,,,,,,,,,,,,,,,,,,,,,,,,,,,,,,,,
,,,,,,,,,,,,,,,,,,,,,,,,,,,,,,,,,,,,,,,,,,,,,,,
